INSERT INTO `ty_char_to_power` (`id`, `char_name`, `cid`, `power_name`, `pid`) VALUES (1493, '超级管理员', 1, '会员*', 1);
INSERT INTO `ty_char_to_power` (`id`, `char_name`, `cid`, `power_name`, `pid`) VALUES (1494, '超级管理员', 1, '会员：增加', 11);
INSERT INTO `ty_char_to_power` (`id`, `char_name`, `cid`, `power_name`, `pid`) VALUES (1495, '超级管理员', 1, '会员：删除', 12);
INSERT INTO `ty_char_to_power` (`id`, `char_name`, `cid`, `power_name`, `pid`) VALUES (1496, '超级管理员', 1, '会员：全查', 13);
INSERT INTO `ty_char_to_power` (`id`, `char_name`, `cid`, `power_name`, `pid`) VALUES (1497, '超级管理员', 1, '会员：修改', 14);
INSERT INTO `ty_char_to_power` (`id`, `char_name`, `cid`, `power_name`, `pid`) VALUES (1498, '超级管理员', 1, '会员：积分变更', 15);
INSERT INTO `ty_char_to_power` (`id`, `char_name`, `cid`, `power_name`, `pid`) VALUES (1499, '超级管理员', 1, '会员：等级-增加', 111);
INSERT INTO `ty_char_to_power` (`id`, `char_name`, `cid`, `power_name`, `pid`) VALUES (1500, '超级管理员', 1, '会员：等级-删除', 112);
INSERT INTO `ty_char_to_power` (`id`, `char_name`, `cid`, `power_name`, `pid`) VALUES (1501, '超级管理员', 1, '会员：等级-修改', 113);
INSERT INTO `ty_char_to_power` (`id`, `char_name`, `cid`, `power_name`, `pid`) VALUES (1502, '超级管理员', 1, '会员：等级-全查', 114);
INSERT INTO `ty_char_to_power` (`id`, `char_name`, `cid`, `power_name`, `pid`) VALUES (1503, '超级管理员', 1, '会员：职阶-增加', 121);
INSERT INTO `ty_char_to_power` (`id`, `char_name`, `cid`, `power_name`, `pid`) VALUES (1504, '超级管理员', 1, '会员：职阶-删除', 122);
INSERT INTO `ty_char_to_power` (`id`, `char_name`, `cid`, `power_name`, `pid`) VALUES (1505, '超级管理员', 1, '会员：职阶-修改', 123);
INSERT INTO `ty_char_to_power` (`id`, `char_name`, `cid`, `power_name`, `pid`) VALUES (1506, '超级管理员', 1, '会员：职阶-全查', 124);
INSERT INTO `ty_char_to_power` (`id`, `char_name`, `cid`, `power_name`, `pid`) VALUES (1507, '超级管理员', 1, '会员：签到-全查', 131);
INSERT INTO `ty_char_to_power` (`id`, `char_name`, `cid`, `power_name`, `pid`) VALUES (1508, '超级管理员', 1, '会员：签到-删除', 133);
INSERT INTO `ty_char_to_power` (`id`, `char_name`, `cid`, `power_name`, `pid`) VALUES (1509, '超级管理员', 1, '会员：签到-补签', 134);
INSERT INTO `ty_char_to_power` (`id`, `char_name`, `cid`, `power_name`, `pid`) VALUES (1510, '超级管理员', 1, '员工*', 2);
INSERT INTO `ty_char_to_power` (`id`, `char_name`, `cid`, `power_name`, `pid`) VALUES (1511, '超级管理员', 1, '员工：增加', 21);
INSERT INTO `ty_char_to_power` (`id`, `char_name`, `cid`, `power_name`, `pid`) VALUES (1512, '超级管理员', 1, '员工：删除', 22);
INSERT INTO `ty_char_to_power` (`id`, `char_name`, `cid`, `power_name`, `pid`) VALUES (1513, '超级管理员', 1, '员工：修改', 23);
INSERT INTO `ty_char_to_power` (`id`, `char_name`, `cid`, `power_name`, `pid`) VALUES (1514, '超级管理员', 1, '员工：全查', 24);
INSERT INTO `ty_char_to_power` (`id`, `char_name`, `cid`, `power_name`, `pid`) VALUES (1515, '超级管理员', 1, '员工：角色-增加', 25);
INSERT INTO `ty_char_to_power` (`id`, `char_name`, `cid`, `power_name`, `pid`) VALUES (1516, '超级管理员', 1, '员工：角色-编辑', 26);
INSERT INTO `ty_char_to_power` (`id`, `char_name`, `cid`, `power_name`, `pid`) VALUES (1517, '超级管理员', 1, '员工：角色-删除', 27);
INSERT INTO `ty_char_to_power` (`id`, `char_name`, `cid`, `power_name`, `pid`) VALUES (1518, '超级管理员', 1, '员工：角色-查看', 28);
INSERT INTO `ty_char_to_power` (`id`, `char_name`, `cid`, `power_name`, `pid`) VALUES (1519, '超级管理员', 1, '员工：权限-增加', 211);
INSERT INTO `ty_char_to_power` (`id`, `char_name`, `cid`, `power_name`, `pid`) VALUES (1520, '超级管理员', 1, '员工：权限-删除', 212);
INSERT INTO `ty_char_to_power` (`id`, `char_name`, `cid`, `power_name`, `pid`) VALUES (1521, '超级管理员', 1, '员工：权限-查看', 213);
INSERT INTO `ty_char_to_power` (`id`, `char_name`, `cid`, `power_name`, `pid`) VALUES (1522, '超级管理员', 1, '消息管理*', 3);
INSERT INTO `ty_char_to_power` (`id`, `char_name`, `cid`, `power_name`, `pid`) VALUES (1523, '超级管理员', 1, '消息：留言主题-查看', 31);
INSERT INTO `ty_char_to_power` (`id`, `char_name`, `cid`, `power_name`, `pid`) VALUES (1524, '超级管理员', 1, '消息：留言主题-删除', 32);
INSERT INTO `ty_char_to_power` (`id`, `char_name`, `cid`, `power_name`, `pid`) VALUES (1525, '超级管理员', 1, '消息：留言主题-修改', 33);
INSERT INTO `ty_char_to_power` (`id`, `char_name`, `cid`, `power_name`, `pid`) VALUES (1526, '超级管理员', 1, '消息：站内消息-查看', 34);
INSERT INTO `ty_char_to_power` (`id`, `char_name`, `cid`, `power_name`, `pid`) VALUES (1527, '超级管理员', 1, '消息：站内消息-修改', 35);
INSERT INTO `ty_char_to_power` (`id`, `char_name`, `cid`, `power_name`, `pid`) VALUES (1528, '超级管理员', 1, '消息：站内消息-添加', 36);
INSERT INTO `ty_char_to_power` (`id`, `char_name`, `cid`, `power_name`, `pid`) VALUES (1529, '超级管理员', 1, '消息：站内消息-删除', 37);
INSERT INTO `ty_char_to_power` (`id`, `char_name`, `cid`, `power_name`, `pid`) VALUES (1530, '超级管理员', 1, '消息：留言楼-修改', 311);
INSERT INTO `ty_char_to_power` (`id`, `char_name`, `cid`, `power_name`, `pid`) VALUES (1531, '超级管理员', 1, '消息：留言楼-回复', 312);
INSERT INTO `ty_char_to_power` (`id`, `char_name`, `cid`, `power_name`, `pid`) VALUES (1532, '超级管理员', 1, '健康管理*', 4);
INSERT INTO `ty_char_to_power` (`id`, `char_name`, `cid`, `power_name`, `pid`) VALUES (1533, '超级管理员', 1, '健康：会员信息-查询', 41);
INSERT INTO `ty_char_to_power` (`id`, `char_name`, `cid`, `power_name`, `pid`) VALUES (1534, '超级管理员', 1, '健康：会员信息-添加会员健康', 42);
INSERT INTO `ty_char_to_power` (`id`, `char_name`, `cid`, `power_name`, `pid`) VALUES (1535, '超级管理员', 1, '健康：会员信息-添加家属', 43);
INSERT INTO `ty_char_to_power` (`id`, `char_name`, `cid`, `power_name`, `pid`) VALUES (1536, '超级管理员', 1, '健康：家属信息-查询', 44);
INSERT INTO `ty_char_to_power` (`id`, `char_name`, `cid`, `power_name`, `pid`) VALUES (1537, '超级管理员', 1, '健康：家属信息-添加健康信息', 45);
INSERT INTO `ty_char_to_power` (`id`, `char_name`, `cid`, `power_name`, `pid`) VALUES (1538, '超级管理员', 1, '健康：健康信息-查看', 46);
INSERT INTO `ty_char_to_power` (`id`, `char_name`, `cid`, `power_name`, `pid`) VALUES (1539, '超级管理员', 1, '健康：健康信息-修改', 48);
INSERT INTO `ty_char_to_power` (`id`, `char_name`, `cid`, `power_name`, `pid`) VALUES (1540, '超级管理员', 1, '健康：健康信息-删除', 49);
INSERT INTO `ty_char_to_power` (`id`, `char_name`, `cid`, `power_name`, `pid`) VALUES (1541, '超级管理员', 1, '健康：健康信息-修改诊断书', 411);
INSERT INTO `ty_char_to_power` (`id`, `char_name`, `cid`, `power_name`, `pid`) VALUES (1542, '超级管理员', 1, '健康：健康信息-查看诊断书', 412);
INSERT INTO `ty_char_to_power` (`id`, `char_name`, `cid`, `power_name`, `pid`) VALUES (1543, '超级管理员', 1, '信息管理*', 5);
INSERT INTO `ty_char_to_power` (`id`, `char_name`, `cid`, `power_name`, `pid`) VALUES (1544, '超级管理员', 1, '信息管理：医师-查找', 51);
INSERT INTO `ty_char_to_power` (`id`, `char_name`, `cid`, `power_name`, `pid`) VALUES (1545, '超级管理员', 1, '消息管理：医师-删除', 52);
INSERT INTO `ty_char_to_power` (`id`, `char_name`, `cid`, `power_name`, `pid`) VALUES (1546, '超级管理员', 1, '消息管理：医师-增加', 53);
INSERT INTO `ty_char_to_power` (`id`, `char_name`, `cid`, `power_name`, `pid`) VALUES (1547, '超级管理员', 1, '消息管理：医师-修改', 54);
INSERT INTO `ty_char_to_power` (`id`, `char_name`, `cid`, `power_name`, `pid`) VALUES (1548, '超级管理员', 1, '信息管理：医师-修改图片', 55);
INSERT INTO `ty_char_to_power` (`id`, `char_name`, `cid`, `power_name`, `pid`) VALUES (1549, '超级管理员', 1, '信息：贴士-增加', 56);
INSERT INTO `ty_char_to_power` (`id`, `char_name`, `cid`, `power_name`, `pid`) VALUES (1550, '超级管理员', 1, '信息：贴士-删除', 57);
INSERT INTO `ty_char_to_power` (`id`, `char_name`, `cid`, `power_name`, `pid`) VALUES (1551, '超级管理员', 1, '信息：贴士-修改', 58);
INSERT INTO `ty_char_to_power` (`id`, `char_name`, `cid`, `power_name`, `pid`) VALUES (1552, '超级管理员', 1, '信息：贴士-查找', 59);
INSERT INTO `ty_char_to_power` (`id`, `char_name`, `cid`, `power_name`, `pid`) VALUES (1553, '超级管理员', 1, '信息：图片管理', 511);
INSERT INTO `ty_char_to_power` (`id`, `char_name`, `cid`, `power_name`, `pid`) VALUES (1554, '超级管理员', 1, '信息：访问-查找', 512);
INSERT INTO `ty_char_to_power` (`id`, `char_name`, `cid`, `power_name`, `pid`) VALUES (1555, '超级管理员', 1, '信息：访问-修改', 513);
INSERT INTO `ty_char_to_power` (`id`, `char_name`, `cid`, `power_name`, `pid`) VALUES (1585, '普通员工', 4, '会员*', 1);
INSERT INTO `ty_char_to_power` (`id`, `char_name`, `cid`, `power_name`, `pid`) VALUES (1586, '普通员工', 4, '会员：全查', 13);
INSERT INTO `ty_char_to_power` (`id`, `char_name`, `cid`, `power_name`, `pid`) VALUES (1587, '普通员工', 4, '会员：修改', 14);
INSERT INTO `ty_char_to_power` (`id`, `char_name`, `cid`, `power_name`, `pid`) VALUES (1588, '普通员工', 4, '会员：积分变更', 15);
INSERT INTO `ty_char_to_power` (`id`, `char_name`, `cid`, `power_name`, `pid`) VALUES (1589, '普通员工', 4, '会员：等级-全查', 114);
INSERT INTO `ty_char_to_power` (`id`, `char_name`, `cid`, `power_name`, `pid`) VALUES (1590, '普通员工', 4, '会员：职阶-全查', 124);
INSERT INTO `ty_char_to_power` (`id`, `char_name`, `cid`, `power_name`, `pid`) VALUES (1591, '普通员工', 4, '会员：签到-全查', 131);
INSERT INTO `ty_char_to_power` (`id`, `char_name`, `cid`, `power_name`, `pid`) VALUES (1592, '普通员工', 4, '会员：签到-删除', 133);
INSERT INTO `ty_char_to_power` (`id`, `char_name`, `cid`, `power_name`, `pid`) VALUES (1593, '普通员工', 4, '会员：签到-补签', 134);
INSERT INTO `ty_char_to_power` (`id`, `char_name`, `cid`, `power_name`, `pid`) VALUES (1594, '普通员工', 4, '消息管理*', 3);
INSERT INTO `ty_char_to_power` (`id`, `char_name`, `cid`, `power_name`, `pid`) VALUES (1595, '普通员工', 4, '消息：站内消息-查看', 34);
INSERT INTO `ty_char_to_power` (`id`, `char_name`, `cid`, `power_name`, `pid`) VALUES (1596, '专家', 3, '消息管理*', 3);
INSERT INTO `ty_char_to_power` (`id`, `char_name`, `cid`, `power_name`, `pid`) VALUES (1597, '专家', 3, '消息：留言主题-查看', 31);
INSERT INTO `ty_char_to_power` (`id`, `char_name`, `cid`, `power_name`, `pid`) VALUES (1598, '专家', 3, '消息：留言楼-回复', 312);
INSERT INTO `ty_char_to_power` (`id`, `char_name`, `cid`, `power_name`, `pid`) VALUES (1599, '专家', 3, '健康管理*', 4);
INSERT INTO `ty_char_to_power` (`id`, `char_name`, `cid`, `power_name`, `pid`) VALUES (1600, '专家', 3, '健康：会员信息-查询', 41);
INSERT INTO `ty_char_to_power` (`id`, `char_name`, `cid`, `power_name`, `pid`) VALUES (1601, '专家', 3, '健康：健康信息-查看诊断书', 412);
INSERT INTO `ty_char_to_power` (`id`, `char_name`, `cid`, `power_name`, `pid`) VALUES (1602, '管理员', 2, '会员*', 1);
INSERT INTO `ty_char_to_power` (`id`, `char_name`, `cid`, `power_name`, `pid`) VALUES (1603, '管理员', 2, '会员：增加', 11);
INSERT INTO `ty_char_to_power` (`id`, `char_name`, `cid`, `power_name`, `pid`) VALUES (1604, '管理员', 2, '会员：删除', 12);
INSERT INTO `ty_char_to_power` (`id`, `char_name`, `cid`, `power_name`, `pid`) VALUES (1605, '管理员', 2, '会员：全查', 13);
INSERT INTO `ty_char_to_power` (`id`, `char_name`, `cid`, `power_name`, `pid`) VALUES (1606, '管理员', 2, '会员：修改', 14);
INSERT INTO `ty_char_to_power` (`id`, `char_name`, `cid`, `power_name`, `pid`) VALUES (1607, '管理员', 2, '会员：积分变更', 15);
INSERT INTO `ty_char_to_power` (`id`, `char_name`, `cid`, `power_name`, `pid`) VALUES (1608, '管理员', 2, '会员：等级-增加', 111);
INSERT INTO `ty_char_to_power` (`id`, `char_name`, `cid`, `power_name`, `pid`) VALUES (1609, '管理员', 2, '会员：等级-删除', 112);
INSERT INTO `ty_char_to_power` (`id`, `char_name`, `cid`, `power_name`, `pid`) VALUES (1610, '管理员', 2, '会员：等级-修改', 113);
INSERT INTO `ty_char_to_power` (`id`, `char_name`, `cid`, `power_name`, `pid`) VALUES (1611, '管理员', 2, '会员：等级-全查', 114);
INSERT INTO `ty_char_to_power` (`id`, `char_name`, `cid`, `power_name`, `pid`) VALUES (1612, '管理员', 2, '会员：职阶-增加', 121);
INSERT INTO `ty_char_to_power` (`id`, `char_name`, `cid`, `power_name`, `pid`) VALUES (1613, '管理员', 2, '会员：职阶-删除', 122);
INSERT INTO `ty_char_to_power` (`id`, `char_name`, `cid`, `power_name`, `pid`) VALUES (1614, '管理员', 2, '会员：职阶-修改', 123);
INSERT INTO `ty_char_to_power` (`id`, `char_name`, `cid`, `power_name`, `pid`) VALUES (1615, '管理员', 2, '会员：职阶-全查', 124);
INSERT INTO `ty_char_to_power` (`id`, `char_name`, `cid`, `power_name`, `pid`) VALUES (1616, '管理员', 2, '会员：签到-全查', 131);
INSERT INTO `ty_char_to_power` (`id`, `char_name`, `cid`, `power_name`, `pid`) VALUES (1617, '管理员', 2, '会员：签到-删除', 133);
INSERT INTO `ty_char_to_power` (`id`, `char_name`, `cid`, `power_name`, `pid`) VALUES (1618, '管理员', 2, '会员：签到-补签', 134);
INSERT INTO `ty_char_to_power` (`id`, `char_name`, `cid`, `power_name`, `pid`) VALUES (1619, '管理员', 2, '员工*', 2);
INSERT INTO `ty_char_to_power` (`id`, `char_name`, `cid`, `power_name`, `pid`) VALUES (1620, '管理员', 2, '员工：增加', 21);
INSERT INTO `ty_char_to_power` (`id`, `char_name`, `cid`, `power_name`, `pid`) VALUES (1621, '管理员', 2, '员工：删除', 22);
INSERT INTO `ty_char_to_power` (`id`, `char_name`, `cid`, `power_name`, `pid`) VALUES (1622, '管理员', 2, '员工：修改', 23);
INSERT INTO `ty_char_to_power` (`id`, `char_name`, `cid`, `power_name`, `pid`) VALUES (1623, '管理员', 2, '员工：全查', 24);
INSERT INTO `ty_char_to_power` (`id`, `char_name`, `cid`, `power_name`, `pid`) VALUES (1624, '管理员', 2, '消息管理*', 3);
INSERT INTO `ty_char_to_power` (`id`, `char_name`, `cid`, `power_name`, `pid`) VALUES (1625, '管理员', 2, '消息：留言主题-查看', 31);
INSERT INTO `ty_char_to_power` (`id`, `char_name`, `cid`, `power_name`, `pid`) VALUES (1626, '管理员', 2, '消息：留言主题-删除', 32);
INSERT INTO `ty_char_to_power` (`id`, `char_name`, `cid`, `power_name`, `pid`) VALUES (1627, '管理员', 2, '消息：留言主题-修改', 33);
INSERT INTO `ty_char_to_power` (`id`, `char_name`, `cid`, `power_name`, `pid`) VALUES (1628, '管理员', 2, '消息：站内消息-查看', 34);
INSERT INTO `ty_char_to_power` (`id`, `char_name`, `cid`, `power_name`, `pid`) VALUES (1629, '管理员', 2, '消息：站内消息-修改', 35);
INSERT INTO `ty_char_to_power` (`id`, `char_name`, `cid`, `power_name`, `pid`) VALUES (1630, '管理员', 2, '消息：站内消息-添加', 36);
INSERT INTO `ty_char_to_power` (`id`, `char_name`, `cid`, `power_name`, `pid`) VALUES (1631, '管理员', 2, '消息：站内消息-删除', 37);
INSERT INTO `ty_char_to_power` (`id`, `char_name`, `cid`, `power_name`, `pid`) VALUES (1632, '管理员', 2, '消息：留言楼-修改', 311);
INSERT INTO `ty_char_to_power` (`id`, `char_name`, `cid`, `power_name`, `pid`) VALUES (1633, '管理员', 2, '消息：留言楼-回复', 312);
INSERT INTO `ty_char_to_power` (`id`, `char_name`, `cid`, `power_name`, `pid`) VALUES (1634, '管理员', 2, '健康管理*', 4);
INSERT INTO `ty_char_to_power` (`id`, `char_name`, `cid`, `power_name`, `pid`) VALUES (1635, '管理员', 2, '健康：会员信息-查询', 41);
INSERT INTO `ty_char_to_power` (`id`, `char_name`, `cid`, `power_name`, `pid`) VALUES (1636, '管理员', 2, '健康：会员信息-添加会员健康', 42);
INSERT INTO `ty_char_to_power` (`id`, `char_name`, `cid`, `power_name`, `pid`) VALUES (1637, '管理员', 2, '健康：会员信息-添加家属', 43);
INSERT INTO `ty_char_to_power` (`id`, `char_name`, `cid`, `power_name`, `pid`) VALUES (1638, '管理员', 2, '健康：家属信息-查询', 44);
INSERT INTO `ty_char_to_power` (`id`, `char_name`, `cid`, `power_name`, `pid`) VALUES (1639, '管理员', 2, '健康：家属信息-添加健康信息', 45);
INSERT INTO `ty_char_to_power` (`id`, `char_name`, `cid`, `power_name`, `pid`) VALUES (1640, '管理员', 2, '健康：健康信息-查看', 46);
INSERT INTO `ty_char_to_power` (`id`, `char_name`, `cid`, `power_name`, `pid`) VALUES (1641, '管理员', 2, '健康：健康信息-修改', 48);
INSERT INTO `ty_char_to_power` (`id`, `char_name`, `cid`, `power_name`, `pid`) VALUES (1642, '管理员', 2, '健康：健康信息-删除', 49);
INSERT INTO `ty_char_to_power` (`id`, `char_name`, `cid`, `power_name`, `pid`) VALUES (1643, '管理员', 2, '健康：健康信息-修改诊断书', 411);
INSERT INTO `ty_char_to_power` (`id`, `char_name`, `cid`, `power_name`, `pid`) VALUES (1644, '管理员', 2, '健康：健康信息-查看诊断书', 412);
INSERT INTO `ty_char_to_power` (`id`, `char_name`, `cid`, `power_name`, `pid`) VALUES (1645, '管理员', 2, '信息管理*', 5);
INSERT INTO `ty_char_to_power` (`id`, `char_name`, `cid`, `power_name`, `pid`) VALUES (1646, '管理员', 2, '信息管理：医师-查找', 51);
INSERT INTO `ty_char_to_power` (`id`, `char_name`, `cid`, `power_name`, `pid`) VALUES (1647, '管理员', 2, '消息管理：医师-删除', 52);
INSERT INTO `ty_char_to_power` (`id`, `char_name`, `cid`, `power_name`, `pid`) VALUES (1648, '管理员', 2, '消息管理：医师-增加', 53);
INSERT INTO `ty_char_to_power` (`id`, `char_name`, `cid`, `power_name`, `pid`) VALUES (1649, '管理员', 2, '消息管理：医师-修改', 54);
INSERT INTO `ty_char_to_power` (`id`, `char_name`, `cid`, `power_name`, `pid`) VALUES (1650, '管理员', 2, '信息管理：医师-修改图片', 55);
INSERT INTO `ty_char_to_power` (`id`, `char_name`, `cid`, `power_name`, `pid`) VALUES (1651, '管理员', 2, '信息：贴士-增加', 56);
INSERT INTO `ty_char_to_power` (`id`, `char_name`, `cid`, `power_name`, `pid`) VALUES (1652, '管理员', 2, '信息：贴士-删除', 57);
INSERT INTO `ty_char_to_power` (`id`, `char_name`, `cid`, `power_name`, `pid`) VALUES (1653, '管理员', 2, '信息：贴士-修改', 58);
INSERT INTO `ty_char_to_power` (`id`, `char_name`, `cid`, `power_name`, `pid`) VALUES (1654, '管理员', 2, '信息：贴士-查找', 59);
INSERT INTO `ty_char_to_power` (`id`, `char_name`, `cid`, `power_name`, `pid`) VALUES (1655, '管理员', 2, '信息：图片管理', 511);
INSERT INTO `ty_char_to_power` (`id`, `char_name`, `cid`, `power_name`, `pid`) VALUES (1656, '管理员', 2, '信息：访问-查找', 512);
INSERT INTO `ty_char_to_power` (`id`, `char_name`, `cid`, `power_name`, `pid`) VALUES (1657, '管理员', 2, '信息：访问-修改', 513);


INSERT INTO `ty_emp_char` (`cid`, `char_name`) VALUES (1, '超级管理员');
INSERT INTO `ty_emp_char` (`cid`, `char_name`) VALUES (2, '管理员');
INSERT INTO `ty_emp_char` (`cid`, `char_name`) VALUES (3, '专家');
INSERT INTO `ty_emp_char` (`cid`, `char_name`) VALUES (4, '普通员工');



INSERT INTO `ty_employee` (`id`, `emp_Id`, `emp_Name`, `emp_Char`, `emp_Password`, `emp_Admin`, `emp_Gender`, `emp_Tel`, `emp_Email`, `emp_Address`, `filed1`, `filed2`, `filed3`, `delete_flag`, `create_Date`, `delete_date`) VALUES (36, 'V91Q2a7', '郭云春晓', 2, '123xxabc', 'gycx', '男', '13888888888', '213456342@qq.com', '13444人111241', NULL, NULL, NULL, 0, '2017-2-20 18:48:06', NULL);

INSERT INTO `ty_fz` (`id`, `cd`, `delete_flag`, `filed1`, `filed2`, `filed3`) VALUES (1, '12346', 0, NULL, NULL, NULL);
INSERT INTO `ty_fz` (`id`, `cd`, `delete_flag`, `filed1`, `filed2`, `filed3`) VALUES (2, '红红火火恍恍惚惚', 0, NULL, NULL, NULL);

INSERT INTO `ty_mem_class` (`id`, `class_max`, `class_min`, `class_name`, `delete_flag`, `delete_date`) VALUES (1, 1999, 0, '见习', 0, NULL);
INSERT INTO `ty_mem_class` (`id`, `class_max`, `class_min`, `class_name`, `delete_flag`, `delete_date`) VALUES (2, 3999, 2000, '助教', 0, NULL);
INSERT INTO `ty_mem_class` (`id`, `class_max`, `class_min`, `class_name`, `delete_flag`, `delete_date`) VALUES (3, 7999, 4000, '讲师', 0, NULL);
INSERT INTO `ty_mem_class` (`id`, `class_max`, `class_min`, `class_name`, `delete_flag`, `delete_date`) VALUES (4, 15999, 8000, '导师', 0, NULL);
INSERT INTO `ty_mem_class` (`id`, `class_max`, `class_min`, `class_name`, `delete_flag`, `delete_date`) VALUES (5, 31999, 16000, '专家', 0, NULL);
INSERT INTO `ty_mem_class` (`id`, `class_max`, `class_min`, `class_name`, `delete_flag`, `delete_date`) VALUES (6, 63999, 32000, '教授', 0, NULL);
INSERT INTO `ty_mem_class` (`id`, `class_max`, `class_min`, `class_name`, `delete_flag`, `delete_date`) VALUES (7, 117999, 64000, '首席', 0, NULL);
INSERT INTO `ty_mem_class` (`id`, `class_max`, `class_min`, `class_name`, `delete_flag`, `delete_date`) VALUES (8, 999999999, 128000, '元老', 0, NULL);


INSERT INTO `ty_mem_level` (`id`, `level_min`, `level_max`, `level_name`, `delete_flag`, `delete_date`) VALUES (1, 0, 999, '普通会员', 0, NULL);
INSERT INTO `ty_mem_level` (`id`, `level_min`, `level_max`, `level_name`, `delete_flag`, `delete_date`) VALUES (2, 1000, 4999, '银卡会员', 0, NULL);
INSERT INTO `ty_mem_level` (`id`, `level_min`, `level_max`, `level_name`, `delete_flag`, `delete_date`) VALUES (3, 5000, 24999, '金卡会员', 0, NULL);
INSERT INTO `ty_mem_level` (`id`, `level_min`, `level_max`, `level_name`, `delete_flag`, `delete_date`) VALUES (4, 25000, 124999, '钻石会员', 0, NULL);
INSERT INTO `ty_mem_level` (`id`, `level_min`, `level_max`, `level_name`, `delete_flag`, `delete_date`) VALUES (5, 125000, 999999999, '皇冠会员', 0, NULL);


INSERT INTO `ty_power` (`pid`, `power_Name`, `power_Type`, `super_Id`, `url`) VALUES (1, '会员*', 1, 0, '');
INSERT INTO `ty_power` (`pid`, `power_Name`, `power_Type`, `super_Id`, `url`) VALUES (2, '员工*', 1, 0, '');
INSERT INTO `ty_power` (`pid`, `power_Name`, `power_Type`, `super_Id`, `url`) VALUES (3, '消息管理*', 1, 0, '');
INSERT INTO `ty_power` (`pid`, `power_Name`, `power_Type`, `super_Id`, `url`) VALUES (4, '健康管理*', 1, 0, '');
INSERT INTO `ty_power` (`pid`, `power_Name`, `power_Type`, `super_Id`, `url`) VALUES (5, '信息管理*', 1, 0, '');
INSERT INTO `ty_power` (`pid`, `power_Name`, `power_Type`, `super_Id`, `url`) VALUES (11, '会员：增加', 2, 1, '/Member/addMember.emp');
INSERT INTO `ty_power` (`pid`, `power_Name`, `power_Type`, `super_Id`, `url`) VALUES (12, '会员：删除', 2, 1, '/Member/delMember.emp');
INSERT INTO `ty_power` (`pid`, `power_Name`, `power_Type`, `super_Id`, `url`) VALUES (13, '会员：全查', 2, 1, '/Member/selMemberAll.emp');
INSERT INTO `ty_power` (`pid`, `power_Name`, `power_Type`, `super_Id`, `url`) VALUES (14, '会员：修改', 2, 1, '/Member/updateMember.emp');
INSERT INTO `ty_power` (`pid`, `power_Name`, `power_Type`, `super_Id`, `url`) VALUES (15, '会员：积分变更', 2, 1, '/Member/saveIntegral.emp');
INSERT INTO `ty_power` (`pid`, `power_Name`, `power_Type`, `super_Id`, `url`) VALUES (21, '员工：增加', 2, 2, '/Employee/addEmployee.emp');
INSERT INTO `ty_power` (`pid`, `power_Name`, `power_Type`, `super_Id`, `url`) VALUES (22, '员工：删除', 2, 2, '/Employee/delEmployee.emp');
INSERT INTO `ty_power` (`pid`, `power_Name`, `power_Type`, `super_Id`, `url`) VALUES (23, '员工：修改', 2, 2, '/Employee/updateEmployee.emp');
INSERT INTO `ty_power` (`pid`, `power_Name`, `power_Type`, `super_Id`, `url`) VALUES (24, '员工：全查', 2, 2, '/Employee/selEmployeeAll.emp');
INSERT INTO `ty_power` (`pid`, `power_Name`, `power_Type`, `super_Id`, `url`) VALUES (25, '员工：角色-增加', 2, 2, '/empChar/addEmpChar.emp');
INSERT INTO `ty_power` (`pid`, `power_Name`, `power_Type`, `super_Id`, `url`) VALUES (26, '员工：角色-编辑', 2, 2, '/view/empCharToPower.html');
INSERT INTO `ty_power` (`pid`, `power_Name`, `power_Type`, `super_Id`, `url`) VALUES (27, '员工：角色-删除', 2, 2, '/empChar/delEmpChar.emp');
INSERT INTO `ty_power` (`pid`, `power_Name`, `power_Type`, `super_Id`, `url`) VALUES (28, '员工：角色-查看', 2, 2, '/empChar/selEmpCharAll.emp');
INSERT INTO `ty_power` (`pid`, `power_Name`, `power_Type`, `super_Id`, `url`) VALUES (31, '消息：留言主题-查看', 2, 3, '/theme/selThemeAll.emp');
INSERT INTO `ty_power` (`pid`, `power_Name`, `power_Type`, `super_Id`, `url`) VALUES (32, '消息：留言主题-删除', 2, 3, '/theme/delThemes.emp');
INSERT INTO `ty_power` (`pid`, `power_Name`, `power_Type`, `super_Id`, `url`) VALUES (33, '消息：留言主题-修改', 2, 3, '/building/selBuilding1.emp');
INSERT INTO `ty_power` (`pid`, `power_Name`, `power_Type`, `super_Id`, `url`) VALUES (34, '消息：站内消息-查看', 2, 3, '/message/selMessage.emp');
INSERT INTO `ty_power` (`pid`, `power_Name`, `power_Type`, `super_Id`, `url`) VALUES (35, '消息：站内消息-修改', 2, 3, '/message/update.emp');
INSERT INTO `ty_power` (`pid`, `power_Name`, `power_Type`, `super_Id`, `url`) VALUES (36, '消息：站内消息-添加', 2, 3, '/message/add.emp');
INSERT INTO `ty_power` (`pid`, `power_Name`, `power_Type`, `super_Id`, `url`) VALUES (37, '消息：站内消息-删除', 2, 3, '/message/delete.emp');
INSERT INTO `ty_power` (`pid`, `power_Name`, `power_Type`, `super_Id`, `url`) VALUES (41, '健康：会员信息-查询', 2, 4, '/Member/selMem.emp');
INSERT INTO `ty_power` (`pid`, `power_Name`, `power_Type`, `super_Id`, `url`) VALUES (42, '健康：会员信息-添加会员健康', 2, 4, '/MemHealth/addMemhealth.emp');
INSERT INTO `ty_power` (`pid`, `power_Name`, `power_Type`, `super_Id`, `url`) VALUES (43, '健康：会员信息-添加家属', 2, 4, '/MemFamily/addMemFamily.emp');
INSERT INTO `ty_power` (`pid`, `power_Name`, `power_Type`, `super_Id`, `url`) VALUES (44, '健康：家属信息-查询', 2, 4, '/MemFamily/selMemFamilyAll.emp');
INSERT INTO `ty_power` (`pid`, `power_Name`, `power_Type`, `super_Id`, `url`) VALUES (45, '健康：家属信息-添加健康信息', 2, 4, '/MemHealth/addMemHealth.emp');
INSERT INTO `ty_power` (`pid`, `power_Name`, `power_Type`, `super_Id`, `url`) VALUES (46, '健康：健康信息-查看', 2, 4, '/MemHealth/selMemHealthAll.emp');
INSERT INTO `ty_power` (`pid`, `power_Name`, `power_Type`, `super_Id`, `url`) VALUES (48, '健康：健康信息-修改', 2, 4, '/MemHealth/updateMemHealth.emp');
INSERT INTO `ty_power` (`pid`, `power_Name`, `power_Type`, `super_Id`, `url`) VALUES (49, '健康：健康信息-删除', 2, 4, '/MemHealth/delMemHealth.emp');
INSERT INTO `ty_power` (`pid`, `power_Name`, `power_Type`, `super_Id`, `url`) VALUES (51, '信息管理：医师-查找', 2, 5, '/doctor/selDoctor.emp');
INSERT INTO `ty_power` (`pid`, `power_Name`, `power_Type`, `super_Id`, `url`) VALUES (52, '消息管理：医师-删除', 2, 5, '/doctor/delDoctor.emp');
INSERT INTO `ty_power` (`pid`, `power_Name`, `power_Type`, `super_Id`, `url`) VALUES (53, '消息管理：医师-增加', 2, 5, '/doctor/addDoctor.emp');
INSERT INTO `ty_power` (`pid`, `power_Name`, `power_Type`, `super_Id`, `url`) VALUES (54, '消息管理：医师-修改', 2, 5, '/doctor/updateDoctor.emp');
INSERT INTO `ty_power` (`pid`, `power_Name`, `power_Type`, `super_Id`, `url`) VALUES (55, '信息管理：医师-修改图片', 2, 5, '/message/save.emp');
INSERT INTO `ty_power` (`pid`, `power_Name`, `power_Type`, `super_Id`, `url`) VALUES (56, '信息：贴士-增加', 2, 5, '/Tis/addTis.emp');
INSERT INTO `ty_power` (`pid`, `power_Name`, `power_Type`, `super_Id`, `url`) VALUES (57, '信息：贴士-删除', 2, 5, '/Tis/delTis.emp');
INSERT INTO `ty_power` (`pid`, `power_Name`, `power_Type`, `super_Id`, `url`) VALUES (58, '信息：贴士-修改', 2, 5, '/Tis/updateTis.emp');
INSERT INTO `ty_power` (`pid`, `power_Name`, `power_Type`, `super_Id`, `url`) VALUES (59, '信息：贴士-查找', 2, 5, '/Tis/selTisAll.emp');
INSERT INTO `ty_power` (`pid`, `power_Name`, `power_Type`, `super_Id`, `url`) VALUES (111, '会员：等级-增加', 2, 1, '/MemLevel/addMemLevel.emp');
INSERT INTO `ty_power` (`pid`, `power_Name`, `power_Type`, `super_Id`, `url`) VALUES (112, '会员：等级-删除', 2, 1, '/MemLevel/delMemLevel.emp');
INSERT INTO `ty_power` (`pid`, `power_Name`, `power_Type`, `super_Id`, `url`) VALUES (113, '会员：等级-修改', 2, 1, '/MemLevel/updateMemLevel.emp');
INSERT INTO `ty_power` (`pid`, `power_Name`, `power_Type`, `super_Id`, `url`) VALUES (114, '会员：等级-全查', 2, 1, '/MemLevel/selMemLevelAll.emp');
INSERT INTO `ty_power` (`pid`, `power_Name`, `power_Type`, `super_Id`, `url`) VALUES (121, '会员：职阶-增加', 2, 1, '/MemClass/addMemClass.emp');
INSERT INTO `ty_power` (`pid`, `power_Name`, `power_Type`, `super_Id`, `url`) VALUES (122, '会员：职阶-删除', 2, 1, '/MemClass/delMemClass.emp');
INSERT INTO `ty_power` (`pid`, `power_Name`, `power_Type`, `super_Id`, `url`) VALUES (123, '会员：职阶-修改', 2, 1, '/MemClass/updateMemClass.emp');
INSERT INTO `ty_power` (`pid`, `power_Name`, `power_Type`, `super_Id`, `url`) VALUES (124, '会员：职阶-全查', 2, 1, '/MemClass/selMemClassAll.emp');
INSERT INTO `ty_power` (`pid`, `power_Name`, `power_Type`, `super_Id`, `url`) VALUES (131, '会员：签到-全查', 2, 1, '/Sign/selSignAll.emp');
INSERT INTO `ty_power` (`pid`, `power_Name`, `power_Type`, `super_Id`, `url`) VALUES (133, '会员：签到-删除', 2, 1, '/Sign/scSign.emp');
INSERT INTO `ty_power` (`pid`, `power_Name`, `power_Type`, `super_Id`, `url`) VALUES (134, '会员：签到-补签', 2, 1, '/Sign/upSign.emp');
INSERT INTO `ty_power` (`pid`, `power_Name`, `power_Type`, `super_Id`, `url`) VALUES (211, '员工：权限-增加', 2, 2, '/Power/addPower.emp');
INSERT INTO `ty_power` (`pid`, `power_Name`, `power_Type`, `super_Id`, `url`) VALUES (212, '员工：权限-删除', 2, 2, '/Power/delPower.emp');
INSERT INTO `ty_power` (`pid`, `power_Name`, `power_Type`, `super_Id`, `url`) VALUES (213, '员工：权限-查看', 2, 2, '/view/empPower.html');
INSERT INTO `ty_power` (`pid`, `power_Name`, `power_Type`, `super_Id`, `url`) VALUES (311, '消息：留言楼-修改', 2, 3, '/building/updateBuilding.emp');
INSERT INTO `ty_power` (`pid`, `power_Name`, `power_Type`, `super_Id`, `url`) VALUES (312, '消息：留言楼-回复', 2, 3, '/building/selBuilding.emp');
INSERT INTO `ty_power` (`pid`, `power_Name`, `power_Type`, `super_Id`, `url`) VALUES (411, '健康：健康信息-修改诊断书', 2, 4, '/MemHealth/save.emp');
INSERT INTO `ty_power` (`pid`, `power_Name`, `power_Type`, `super_Id`, `url`) VALUES (412, '健康：健康信息-查看诊断书', 2, 4, '/MemHealth/selMemHealthById.emp');
INSERT INTO `ty_power` (`pid`, `power_Name`, `power_Type`, `super_Id`, `url`) VALUES (511, '信息：图片管理', 2, 5, '/view/empImg.html');
INSERT INTO `ty_power` (`pid`, `power_Name`, `power_Type`, `super_Id`, `url`) VALUES (512, '信息：访问-查找', 2, 5, 'Fz/selFzAll.emp');
INSERT INTO `ty_power` (`pid`, `power_Name`, `power_Type`, `super_Id`, `url`) VALUES (513, '信息：访问-修改', 2, 5, 'Fz/updateFz.emp');
